北海道札幌市,172095 
北海道函館市,70063 
北海道小樽市,69781 
北海道旭川市,42436 
北海道室蘭市,16308 
北海道釧路市,36506 
北海道帯広市,54250 
北海道北見市,17580 
北海道留萌市,8127 
北海道苫小牧市,50712 
北海道美唄市,10827 
北海道芦別市,3100 
北海道江別市,70976 
北海道赤平市,20215 
北海道紋別市,7459 
北海道名寄市,71357 
北海道三笠市,13340 
北海道根室市,6767 
北海道千歳市,50222 
北海道滝川市,28250 
北海道富良野市,59 
北海道登別市,112312 
北海道恵庭市,36037 
北海道伊達市,18248 
北海道北広島市,52463 
北海道石狩市,54304 
北海道北斗市,10273 
北海道松前郡福島町,700 
北海道亀田郡七飯町,12419 
北海道茅部郡森町,11923 
北海道山越郡長万部町,5495 
北海道檜山郡江差町,6500 
北海道檜山郡上ノ国町,20000 
北海道瀬棚郡今金町,183 
北海道寿都郡寿都町,2 
北海道虻田郡倶知安町,25745 
北海道岩内郡共和町,279 
北海道古平郡古平町,46 
北海道余市郡余市町,29540 
北海道空知郡南幌町,16000 
北海道上川郡鷹栖町,22576 
北海道上川郡東神楽町,69421 
北海道上川郡上川町,6250 
北海道上川郡美瑛町,536 
北海道空知郡上富良野町,5279 
北海道上川郡下川町,190 
北海道増毛郡増毛町,7000 
北海道苫前郡羽幌町,892 
北海道枝幸郡枝幸町,5843 
北海道斜里郡斜里町,7633 
北海道斜里郡清里町,4545 
北海道紋別郡遠軽町,63 
北海道紋別郡滝上町,19 
北海道紋別郡雄武町,10 
北海道網走郡大空町,842 
北海道白老郡白老町,10305 
北海道勇払郡厚真町,500 
北海道勇払郡安平町,1039 
北海道沙流郡日高町,3300 
北海道浦河郡浦河町,12899 
北海道日高郡新ひだか町,77494 
北海道河東郡音更町,35637 
北海道河東郡士幌町,952 
北海道上川郡新得町,1420 
北海道上川郡清水町,46 
北海道河西郡芽室町,1670 
北海道河西郡更別村,341 
北海道中川郡幕別町,23042 
北海道中川郡本別町,2881 
北海道釧路郡釧路町,18533 
北海道厚岸郡厚岸町,208 
北海道川上郡標茶町,1178 
北海道川上郡弟子屈町,1271 
北海道白糠郡白糠町,7125 
北海道標津郡中標津町,34306 
青森県青森市,81697 
青森県弘前市,29502 
青森県八戸市,37903 
青森県黒石市,14000 
青森県五所川原市,12377 
青森県十和田市,379 
青森県三沢市,631 
青森県むつ市,248 
青森県東津軽郡平内町,506 
青森県西津軽郡鰺ヶ沢町,422 
青森県西津軽郡深浦町,55 
青森県北津軽郡鶴田町,320 
青森県北津軽郡中泊町,1321 
青森県上北郡七戸町,228 
青森県上北郡六戸町,1213 
青森県下北郡東通村,40 
青森県三戸郡田子町,143 
青森県三戸郡南部町,376 
岩手県盛岡市,87377 
岩手県宮古市,35048 
岩手県大船渡市,16427 
岩手県花巻市,9605 
岩手県北上市,6298 
岩手県久慈市,25177 
岩手県遠野市,2333 
岩手県一関市,6565 
岩手県陸前高田市,5933 
岩手県釜石市,46833 
岩手県二戸市,7955 
岩手県八幡平市,8495 
岩手県奥州市,8134 
岩手県滝沢市,55561 
岩手県岩手郡雫石町,704 
岩手県岩手郡葛巻町,5 
岩手県岩手郡岩手町,192 
岩手県紫波郡紫波町,12127 
岩手県紫波郡矢巾町,99997 
岩手県和賀郡西和賀町,830 
岩手県西磐井郡平泉町,5035 
岩手県気仙郡住田町,93 
岩手県上閉伊郡大槌町,22222 
岩手県下閉伊郡山田町,5266 
岩手県下閉伊郡田野畑村,1487 
岩手県下閉伊郡普代村,20 
岩手県九戸郡軽米町,200 
岩手県九戸郡野田村,475 
岩手県九戸郡九戸村,40 
岩手県九戸郡洋野町,30000 
岩手県二戸郡一戸町,1557 
宮城県仙台市,203011 
宮城県石巻市,46902 
宮城県塩竈市,76439 
宮城県気仙沼市,32573 
宮城県白石市,7326 
宮城県名取市,123610 
宮城県角田市,90 
宮城県多賀城市,107567 
宮城県岩沼市,77873 
宮城県登米市,13827 
宮城県栗原市,6326 
宮城県東松島市,9868 
宮城県大崎市,23560 
宮城県刈田郡蔵王町,12937 
宮城県刈田郡七ヶ宿町,108 
宮城県柴田郡大河原町,53444 
宮城県柴田郡村田町,1228 
宮城県柴田郡柴田町,37528 
宮城県亘理郡亘理町,58164 
宮城県宮城郡松島町,72006 
宮城県宮城郡七ヶ浜町,78301 
宮城県宮城郡利府町,103574 
宮城県黒川郡大和町,77209 
宮城県黒川郡大郷町,10822 
宮城県黒川郡富谷町,102659 
宮城県加美郡色麻町,1106 
宮城県加美郡加美町,10741 
宮城県遠田郡涌谷町,20768 
宮城県遠田郡美里町,8904 
宮城県本吉郡南三陸町,2698 
秋田県秋田市,71782 
秋田県能代市,3186 
秋田県横手市,13913 
秋田県湯沢市,11144 
秋田県にかほ市,16923 
秋田県鹿角郡小坂町,10811 
秋田県雄勝郡羽後町,9630 
山形県山形市,93788 
山形県米沢市,818 
山形県鶴岡市,18949 
山形県酒田市,17947 
山形県新庄市,2080 
山形県村山市,1421 
山形県長井市,100 
山形県天童市,31634 
山形県東根市,13047 
山形県尾花沢市,114 
山形県東村山郡山辺町,320 
山形県東村山郡中山町,460 
山形県西村山郡河北町,6250 
山形県西村山郡大江町,12857 
山形県北村山郡大石田町,59 
山形県最上郡最上町,311 
山形県最上郡真室川町,304 
山形県最上郡戸沢村,704 
山形県西置賜郡小国町,763 
山形県東田川郡三川町,140909 
山形県飽海郡遊佐町,186 
福島県福島市,100643 
福島県会津若松市,82329 
福島県郡山市,129981 
福島県いわき市,73784 
福島県白河市,48135 
福島県須賀川市,23529 
福島県喜多方市,20833 
福島県相馬市,10698 
福島県二本松市,15836 
福島県南相馬市,70630 
福島県伊達市,8729 
福島県本宮市,23439 
福島県伊達郡桑折町,14286 
福島県伊達郡国見町,8151 
福島県伊達郡川俣町,27273 
福島県安達郡大玉村,5542 
福島県岩瀬郡天栄村,14009 
福島県南会津郡下郷町,10694 
福島県南会津郡只見町,10997 
福島県南会津郡南会津町,1470 
福島県耶麻郡猪苗代町,2527 
福島県河沼郡会津坂下町,5229 
福島県大沼郡会津美里町,1002 
福島県西白河郡西郷村,50098 
福島県西白河郡泉崎村,3919 
福島県西白河郡中島村,378 
福島県石川郡石川町,6386 
福島県双葉郡広野町,44304 
福島県双葉郡楢葉町,12393 
福島県双葉郡浪江町,1429 
茨城県水戸市,97877 
茨城県日立市,73429 
茨城県土浦市,97437 
茨城県古河市,79813 
茨城県石岡市,37716 
茨城県結城市,20473 
茨城県龍ケ崎市,53876 
茨城県常総市,8614 
茨城県常陸太田市,19479 
茨城県高萩市,28061 
茨城県北茨城市,26506 
茨城県笠間市,36529 
茨城県取手市,58601 
茨城県牛久市,93561 
茨城県つくば市,121293 
茨城県ひたちなか市,64353 
茨城県守谷市,182841 
茨城県常陸大宮市,20362 
茨城県那珂市,108476 
茨城県筑西市,22029 
茨城県坂東市,29592 
茨城県稲敷市,11304 
茨城県桜川市,4169 
茨城県神栖市,55392 
茨城県鉾田市,19631 
茨城県つくばみらい市,108208 
茨城県小美玉市,41820 
茨城県東茨城郡茨城町,11751 
茨城県東茨城郡城里町,17778 
茨城県久慈郡大子町,5939 
茨城県稲敷郡美浦村,17557 
茨城県稲敷郡阿見町,84107 
茨城県稲敷郡河内町,2541 
茨城県結城郡八千代町,13152 
茨城県猿島郡境町,20038 
茨城県北相馬郡利根町,472 
栃木県宇都宮市,130966 
栃木県足利市,52598 
栃木県栃木市,45873 
栃木県佐野市,27047 
栃木県鹿沼市,43419 
栃木県日光市,25651 
栃木県小山市,98281 
栃木県真岡市,26616 
栃木県大田原市,28284 
栃木県那須塩原市,53119 
栃木県さくら市,44524 
栃木県那須烏山市,378 
栃木県下野市,34005 
栃木県河内郡上三川町,104008 
栃木県芳賀郡益子町,22649 
栃木県芳賀郡市貝町,24991 
栃木県芳賀郡芳賀町,1687 
栃木県下都賀郡壬生町,24609 
栃木県下都賀郡野木町,64606 
栃木県塩谷郡塩谷町,412 
栃木県塩谷郡高根沢町,17857 
栃木県那須郡那須町,10769 
栃木県那須郡那珂川町,4763 
群馬県前橋市,65301 
群馬県高崎市,101690 
群馬県桐生市,29292 
群馬県伊勢崎市,57320 
群馬県太田市,64054 
群馬県沼田市,29412 
群馬県館林市,39166 
群馬県渋川市,52584 
群馬県藤岡市,54772 
群馬県富岡市,47552 
群馬県安中市,24258 
群馬県みどり市,56087 
群馬県吾妻郡中之条町,24389 
群馬県吾妻郡嬬恋村,8588 
群馬県吾妻郡東吾妻町,10829 
群馬県利根郡昭和村,271 
群馬県利根郡みなかみ町,33 
群馬県佐波郡玉村町,24634 
群馬県邑楽郡板倉町,28112 
群馬県邑楽郡明和町,23300 
群馬県邑楽郡千代田町,31932 
群馬県邑楽郡大泉町,143287 
群馬県邑楽郡邑楽町,35558 
埼玉県さいたま市,284746 
埼玉県川越市,184257 
埼玉県熊谷市,128572 
埼玉県川口市,284993 
埼玉県行田市,60318 
埼玉県所沢市,229297 
埼玉県飯能市,104854 
埼玉県加須市,53231 
埼玉県本庄市,61981 
埼玉県東松山市,80767 
埼玉県春日部市,164364 
埼玉県狭山市,129706 
埼玉県羽生市,39090 
埼玉県鴻巣市,94137 
埼玉県深谷市,76072 
埼玉県上尾市,175168 
埼玉県草加市,224183 
埼玉県越谷市,244926 
埼玉県蕨市,386199 
埼玉県戸田市,295039 
埼玉県入間市,173834 
埼玉県朝霞市,269259 
埼玉県志木市,235302 
埼玉県和光市,395964 
埼玉県新座市,235277 
埼玉県桶川市,160079 
埼玉県久喜市,124371 
埼玉県北本市,119898 
埼玉県八潮市,184194 
埼玉県富士見市,226957 
埼玉県三郷市,185514 
埼玉県蓮田市,152008 
埼玉県坂戸市,164163 
埼玉県幸手市,74019 
埼玉県鶴ケ島市,141421 
埼玉県日高市,79987 
埼玉県吉川市,221509 
埼玉県ふじみ野市,243069 
埼玉県白岡市,125628 
埼玉県北足立郡伊奈町,149761 
埼玉県入間郡三芳町,180673 
埼玉県入間郡毛呂山町,83768 
埼玉県入間郡越生町,31915 
埼玉県比企郡滑川町,130319 
埼玉県比企郡嵐山町,61957 
埼玉県比企郡小川町,1518 
埼玉県比企郡川島町,36154 
埼玉県比企郡吉見町,54566 
埼玉県比企郡鳩山町,11626 
埼玉県比企郡ときがわ町,17080 
埼玉県児玉郡美里町,10317 
埼玉県児玉郡神川町,65000 
埼玉県児玉郡上里町,40246 
埼玉県大里郡寄居町,22392 
埼玉県南埼玉郡宮代町,116517 
埼玉県北葛飾郡杉戸町,102474 
埼玉県北葛飾郡松伏町,84444 
千葉県千葉市,202586 
千葉県市川市,359521 
千葉県船橋市,245916 
千葉県館山市,14844 
千葉県木更津市,66523 
千葉県松戸市,238700 
千葉県野田市,86718 
千葉県茂原市,67239 
千葉県成田市,94721 
千葉県佐倉市,145926 
千葉県東金市,30943 
千葉県習志野市,231246 
千葉県柏市,157422 
千葉県勝浦市,27979 
千葉県市原市,90008 
千葉県流山市,224707 
千葉県八千代市,193466 
千葉県我孫子市,177015 
千葉県鴨川市,24823 
千葉県鎌ケ谷市,111296 
千葉県君津市,19659 
千葉県富津市,50349 
千葉県浦安市,450480 
千葉県四街道市,108468 
千葉県袖ケ浦市,60580 
千葉県八街市,15016 
千葉県印西市,130448 
千葉県白井市,126954 
千葉県南房総市,16921 
千葉県香取市,26111 
千葉県山武市,20000 
千葉県いすみ市,8178 
千葉県大網白里市,46898 
千葉県印旛郡酒々井町,106960 
千葉県印旛郡栄町,47338 
千葉県香取郡神崎町,23667 
千葉県香取郡東庄町,9434 
千葉県山武郡九十九里町,27048 
千葉県長生郡長生村,42254 
千葉県長生郡白子町,36598 
千葉県夷隅郡御宿町,12242 
千葉県安房郡鋸南町,13333 
東京都千代田区,1192462 
東京都中央区,1050225 
東京都港区,1237890 
東京都新宿区,840080 
東京都文京区,870000 
東京都台東区,731322 
東京都墨田区,725066 
東京都江東区,641819 
東京都品川区,874696 
東京都目黒区,884661 
東京都大田区,622679 
東京都世田谷区,752704 
東京都渋谷区,1224014 
東京都中野区,683913 
東京都杉並区,656899 
東京都豊島区,855353 
東京都北区,540049 
東京都荒川区,513256 
東京都板橋区,591589 
東京都練馬区,513359 
東京都足立区,336394 
東京都葛飾区,387612 
東京都江戸川区,433306 
東京都八王子市,224345 
東京都立川市,502289 
東京都武蔵野市,664037 
東京都三鷹市,487401 
東京都青梅市,168354 
東京都府中市,432539 
東京都昭島市,275540 
東京都調布市,444531 
東京都町田市,247557 
東京都小金井市,443035 
東京都小平市,295716 
東京都日野市,262409 
東京都東村山市,251139 
東京都国分寺市,429494 
東京都国立市,463290 
東京都福生市,213601 
東京都狛江市,493540 
東京都東大和市,254916 
東京都清瀬市,289723 
東京都東久留米市,258005 
東京都武蔵村山市,168779 
東京都多摩市,277865 
東京都稲城市,404175 
東京都羽村市,219524 
東京都あきる野市,171407 
東京都西東京市,386981 
東京都西多摩郡瑞穂町,112761 
東京都西多摩郡日の出町,41774 
東京都西多摩郡檜原村,18919 
東京都八丈町,11250 
神奈川県横浜市,394896 
神奈川県川崎市,454847 
神奈川県相模原市,263210 
神奈川県横須賀市,197802 
神奈川県平塚市,216100 
神奈川県鎌倉市,290551 
神奈川県藤沢市,306724 
神奈川県小田原市,194420 
神奈川県茅ヶ崎市,224136 
神奈川県逗子市,249179 
神奈川県三浦市,155435 
神奈川県秦野市,97748 
神奈川県厚木市,183115 
神奈川県大和市,267661 
神奈川県伊勢原市,143874 
神奈川県海老名市,234266 
神奈川県座間市,192478 
神奈川県南足柄市,95096 
神奈川県綾瀬市,178228 
神奈川県三浦郡葉山町,299889 
神奈川県高座郡寒川町,185162 
神奈川県中郡大磯町,331404 
神奈川県中郡二宮町,86111 
神奈川県足柄上郡大井町,84597 
神奈川県足柄上郡松田町,26667 
神奈川県足柄上郡山北町,948 
神奈川県足柄下郡箱根町,14141 
神奈川県足柄下郡湯河原町,49202 
神奈川県愛甲郡愛川町,64432 
新潟県新潟市,87131 
新潟県長岡市,65854 
新潟県三条市,27501 
新潟県柏崎市,8413 
新潟県新発田市,34494 
新潟県小千谷市,12621 
新潟県加茂市,7682 
新潟県十日町市,5048 
新潟県見附市,11298 
新潟県村上市,18611 
新潟県燕市,40795 
新潟県糸魚川市,25994 
新潟県妙高市,7071 
新潟県五泉市,20031 
新潟県上越市,19203 
新潟県阿賀野市,1062 
新潟県佐渡市,10110 
新潟県魚沼市,12563 
新潟県南魚沼市,1512 
新潟県胎内市,7759 
新潟県北蒲原郡聖籠町,2064 
新潟県西蒲原郡弥彦村,17127 
新潟県東蒲原郡阿賀町,3921 
新潟県三島郡出雲崎町,4878 
新潟県中魚沼郡津南町,541 
富山県富山市,77207 
富山県高岡市,54687 
富山県魚津市,36502 
富山県氷見市,8254 
富山県滑川市,26568 
富山県黒部市,12205 
富山県砺波市,47814 
富山県小矢部市,11387 
富山県南砺市,8951 
富山県射水市,36131 
富山県中新川郡舟橋村,2778 
富山県中新川郡上市町,7480 
富山県中新川郡立山町,44979 
富山県下新川郡入善町,8667 
富山県下新川郡朝日町,13889 
石川県金沢市,106265 
石川県七尾市,1938 
石川県小松市,65239 
石川県輪島市,120 
石川県加賀市,18440 
石川県羽咋市,3114 
石川県かほく市,75812 
石川県白山市,40316 
石川県能美市,9355 
石川県野々市市,130159 
石川県河北郡津幡町,41294 
石川県河北郡内灘町,54685 
石川県羽咋郡宝達志水町,2162 
石川県鹿島郡中能登町,367 
石川県鳳珠郡穴水町,3875 
石川県鳳珠郡能登町,490 
福井県福井市,60588 
福井県敦賀市,38535 
福井県小浜市,17101 
福井県大野市,3023 
福井県勝山市,41420 
福井県鯖江市,37415 
福井県あわら市,4993 
福井県越前市,43492 
福井県坂井市,9193 
福井県吉田郡永平寺町,10000 
福井県今立郡池田町,167 
福井県南条郡南越前町,19000 
福井県丹生郡越前町,1571 
福井県三方郡美浜町,6000 
福井県大飯郡高浜町,9054 
山梨県甲府市,99053 
山梨県富士吉田市,59109 
山梨県都留市,14790 
山梨県山梨市,1011 
山梨県大月市,23011 
山梨県韮崎市,15832 
山梨県南アルプス市,54112 
山梨県北杜市,19125 
山梨県甲斐市,107055 
山梨県笛吹市,37428 
山梨県上野原市,80000 
山梨県甲州市,14363 
山梨県中央市,59994 
山梨県西八代郡市川三郷町,11904 
山梨県南巨摩郡南部町,28571 
山梨県南巨摩郡富士川町,14944 
山梨県中巨摩郡昭和町,145000 
山梨県南都留郡西桂町,90909 
山梨県南都留郡山中湖村,40000 
山梨県南都留郡鳴沢村,10256 
山梨県南都留郡富士河口湖町,23241 
長野県長野市,110769 
長野県松本市,96838 
長野県上田市,60842 
長野県岡谷市,44886 
長野県飯田市,34853 
長野県諏訪市,50304 
長野県須坂市,57665 
長野県小諸市,48221 
長野県伊那市,29402 
長野県駒ヶ根市,36292 
長野県中野市,18041 
長野県大町市,7585 
長野県飯山市,21111 
長野県茅野市,40227 
長野県塩尻市,39221 
長野県佐久市,39461 
長野県千曲市,81259 
長野県東御市,690 
長野県安曇野市,27226 
長野県南佐久郡南牧村,6480 
長野県北佐久郡軽井沢町,40025 
長野県北佐久郡御代田町,70213 
長野県北佐久郡立科町,7500 
長野県諏訪郡下諏訪町,70409 
長野県諏訪郡富士見町,9789 
長野県上伊那郡辰野町,7879 
長野県上伊那郡箕輪町,69907 
長野県上伊那郡飯島町,1590 
長野県上伊那郡南箕輪村,19523 
長野県上伊那郡中川村,40625 
長野県上伊那郡宮田村,20462 
長野県下伊那郡高森町,630 
長野県下伊那郡天龍村,820 
長野県下伊那郡大鹿村,42 
長野県木曽郡上松町,15000 
長野県木曽郡木曽町,1547 
長野県北安曇郡松川村,18696 
長野県上高井郡小布施町,27453 
長野県上高井郡高山村,2381 
長野県下高井郡野沢温泉村,20370 
長野県上水内郡信濃町,3931 
長野県上水内郡飯綱町,20976 
岐阜県岐阜市,132304 
岐阜県大垣市,64989 
岐阜県高山市,48354 
岐阜県多治見市,56143 
岐阜県関市,9154 
岐阜県中津川市,12993 
岐阜県美濃市,16594 
岐阜県瑞浪市,14903 
岐阜県羽島市,63334 
岐阜県恵那市,33333 
岐阜県美濃加茂市,63059 
岐阜県土岐市,25229 
岐阜県各務原市,84149 
岐阜県可児市,62277 
岐阜県山県市,10415 
岐阜県瑞穂市,60710 
岐阜県飛騨市,2786 
岐阜県本巣市,32867 
岐阜県郡上市,16761 
岐阜県下呂市,4073 
岐阜県海津市,10555 
岐阜県羽島郡岐南町,74490 
岐阜県羽島郡笠松町,38638 
岐阜県養老郡養老町,8088 
岐阜県不破郡垂井町,23699 
岐阜県安八郡神戸町,18889 
岐阜県安八郡安八町,21625 
岐阜県揖斐郡揖斐川町,7703 
岐阜県揖斐郡大野町,13606 
岐阜県揖斐郡池田町,28486 
岐阜県本巣郡北方町,35714 
岐阜県加茂郡坂祝町,3770 
岐阜県加茂郡富加町,1034 
岐阜県加茂郡川辺町,16667 
岐阜県加茂郡七宗町,5200 
岐阜県加茂郡八百津町,530 
岐阜県加茂郡白川町,2042 
岐阜県加茂郡東白川村,714 
岐阜県可児郡御嵩町,19673 
静岡県静岡市,183601 
静岡県浜松市,102890 
静岡県沼津市,127883 
静岡県熱海市,40400 
静岡県三島市,159908 
静岡県富士宮市,34554 
静岡県伊東市,36343 
静岡県島田市,56857 
静岡県富士市,105194 
静岡県磐田市,58163 
静岡県焼津市,84501 
静岡県掛川市,44630 
静岡県藤枝市,70517 
静岡県御殿場市,46804 
静岡県袋井市,60542 
静岡県下田市,6384 
静岡県裾野市,67583 
静岡県湖西市,67625 
静岡県伊豆市,35954 
静岡県御前崎市,3637 
静岡県菊川市,50197 
静岡県牧之原市,16058 
静岡県賀茂郡東伊豆町,41257 
静岡県賀茂郡河津町,53866 
静岡県賀茂郡南伊豆町,3372 
静岡県田方郡函南町,47536 
静岡県駿東郡清水町,130177 
静岡県駿東郡長泉町,141083 
静岡県駿東郡小山町,28073 
静岡県榛原郡吉田町,40479 
静岡県周智郡森町,14804 
愛知県名古屋市,274060 
愛知県豊橋市,149990 
愛知県岡崎市,160239 
愛知県一宮市,143124 
愛知県瀬戸市,110592 
愛知県半田市,84780 
愛知県春日井市,170551 
愛知県豊川市,135629 
愛知県津島市,81189 
愛知県碧南市,110376 
愛知県刈谷市,241995 
愛知県豊田市,146987 
愛知県安城市,215902 
愛知県西尾市,99573 
愛知県蒲郡市,91439 
愛知県犬山市,112249 
愛知県常滑市,108172 
愛知県江南市,97046 
愛知県小牧市,154115 
愛知県稲沢市,143040 
愛知県新城市,3140 
愛知県東海市,220728 
愛知県大府市,220879 
愛知県知多市,104563 
愛知県知立市,215424 
愛知県尾張旭市,219127 
愛知県高浜市,173822 
愛知県岩倉市,209328 
愛知県豊明市,157602 
愛知県日進市,175384 
愛知県田原市,30271 
愛知県愛西市,102090 
愛知県清須市,170461 
愛知県北名古屋市,188769 
愛知県弥富市,128966 
愛知県みよし市,149826 
愛知県あま市,121153 
愛知県長久手市,251700 
愛知県愛知郡東郷町,187195 
愛知県西春日井郡豊山町,144451 
愛知県丹羽郡大口町,173434 
愛知県丹羽郡扶桑町,139791 
愛知県海部郡大治町,145681 
愛知県海部郡蟹江町,161750 
愛知県海部郡飛島村,5185 
愛知県知多郡阿久比町,126957 
愛知県知多郡南知多町,78788 
愛知県知多郡美浜町,19834 
愛知県知多郡武豊町,106004 
愛知県額田郡幸田町,68898 
愛知県北設楽郡設楽町,325 
三重県津市,61190 
三重県四日市市,116790 
三重県伊勢市,46536 
三重県松阪市,54837 
三重県桑名市,93743 
三重県鈴鹿市,56250 
三重県名張市,42972 
三重県亀山市,21881 
三重県鳥羽市,25508 
三重県熊野市,38684 
三重県志摩市,20556 
三重県伊賀市,21917 
三重県桑名郡木曽岬町,37326 
三重県三重郡菰野町,75837 
三重県三重郡朝日町,32432 
三重県三重郡川越町,22264 
三重県多気郡多気町,2198 
三重県多気郡明和町,36517 
三重県度会郡玉城町,14444 
三重県度会郡度会町,570 
三重県度会郡大紀町,3882 
三重県度会郡南伊勢町,2342 
三重県北牟婁郡紀北町,8239 
三重県南牟婁郡紀宝町,31466 
滋賀県大津市,141788 
滋賀県彦根市,58758 
滋賀県長浜市,55552 
滋賀県近江八幡市,71725 
滋賀県草津市,244305 
滋賀県守山市,139730 
滋賀県栗東市,144314 
滋賀県甲賀市,28979 
滋賀県野洲市,54129 
滋賀県高島市,9207 
滋賀県東近江市,39187 
滋賀県米原市,41578 
滋賀県蒲生郡日野町,3106 
滋賀県愛知郡愛荘町,50129 
滋賀県犬上郡豊郷町,5556 
滋賀県犬上郡甲良町,321 
滋賀県犬上郡多賀町,595 
京都府京都市,333386 
京都府福知山市,69636 
京都府舞鶴市,106297 
京都府綾部市,25010 
京都府宇治市,188577 
京都府宮津市,3643 
京都府亀岡市,71583 
京都府城陽市,152942 
京都府向日市,263490 
京都府長岡京市,244881 
京都府八幡市,108996 
京都府京田辺市,199530 
京都府京丹後市,1856 
京都府南丹市,12729 
京都府木津川市,109122 
京都府乙訓郡大山崎町,282143 
京都府久世郡久御山町,198397 
京都府綴喜郡宇治田原町,62670 
京都府相楽郡和束町,11430 
京都府相楽郡精華町,150587 
京都府相楽郡南山城村,7714 
京都府船井郡京丹波町,24596 
京都府与謝郡与謝野町,15638 
大阪府大阪市,387813 
大阪府堺市,192116 
大阪府岸和田市,182667 
大阪府豊中市,284641 
大阪府池田市,216882 
大阪府吹田市,303508 
大阪府泉大津市,187796 
大阪府高槻市,255534 
大阪府貝塚市,120418 
大阪府守口市,224682 
大阪府枚方市,172510 
大阪府茨木市,261546 
大阪府八尾市,181163 
大阪府泉佐野市,138891 
大阪府富田林市,101620 
大阪府寝屋川市,157086 
大阪府河内長野市,115654 
大阪府松原市,157596 
大阪府大東市,190778 
大阪府和泉市,146458 
大阪府箕面市,210802 
大阪府柏原市,175710 
大阪府羽曳野市,117048 
大阪府門真市,165522 
大阪府摂津市,188401 
大阪府高石市,192694 
大阪府藤井寺市,152400 
大阪府東大阪市,190183 
大阪府泉南市,107743 
大阪府四條畷市,114591 
大阪府交野市,198938 
大阪府大阪狭山市,168982 
大阪府阪南市,74550 
大阪府三島郡島本町,283061 
大阪府豊能郡豊能町,79487 
大阪府豊能郡能勢町,10870 
大阪府泉北郡忠岡町,87136 
大阪府泉南郡熊取町,93548 
大阪府泉南郡田尻町,212903 
大阪府泉南郡岬町,93006 
大阪府南河内郡太子町,72623 
大阪府南河内郡河南町,44254 
大阪府南河内郡千早赤阪村,46905 
兵庫県神戸市,275689 
兵庫県姫路市,117885 
兵庫県尼崎市,280770 
兵庫県明石市,178224 
兵庫県西宮市,319232 
兵庫県洲本市,36060 
兵庫県芦屋市,400117 
兵庫県伊丹市,242361 
兵庫県相生市,45871 
兵庫県豊岡市,13621 
兵庫県加古川市,126067 
兵庫県赤穂市,63755 
兵庫県西脇市,14136 
兵庫県宝塚市,210862 
兵庫県三木市,64527 
兵庫県高砂市,95100 
兵庫県川西市,150398 
兵庫県小野市,71850 
兵庫県三田市,101422 
兵庫県加西市,11563 
兵庫県篠山市,36338 
兵庫県養父市,8027 
兵庫県丹波市,17319 
兵庫県南あわじ市,34685 
兵庫県朝来市,972 
兵庫県淡路市,47548 
兵庫県宍粟市,29398 
兵庫県加東市,107081 
兵庫県たつの市,46156 
兵庫県川辺郡猪名川町,16057 
兵庫県加古郡稲美町,5315 
兵庫県加古郡播磨町,75950 
兵庫県神崎郡福崎町,296000 
兵庫県揖保郡太子町,92905 
兵庫県赤穂郡上郡町,1063 
兵庫県佐用郡佐用町,12379 
兵庫県美方郡香美町,3952 
兵庫県美方郡新温泉町,3232 
奈良県奈良市,157314 
奈良県大和高田市,82760 
奈良県大和郡山市,99196 
奈良県天理市,91348 
奈良県橿原市,159384 
奈良県桜井市,77338 
奈良県五條市,24010 
奈良県御所市,33000 
奈良県生駒市,182813 
奈良県香芝市,82178 
奈良県葛城市,72320 
奈良県宇陀市,9140 
奈良県山辺郡山添村,6500 
奈良県生駒郡平群町,83201 
奈良県生駒郡三郷町,45021 
奈良県生駒郡斑鳩町,96533 
奈良県磯城郡川西町,81250 
奈良県磯城郡三宅町,101007 
奈良県磯城郡田原本町,76923 
奈良県宇陀郡曽爾村,636 
奈良県高市郡高取町,11063 
奈良県北葛城郡上牧町,82609 
奈良県北葛城郡王寺町,192869 
奈良県北葛城郡広陵町,119306 
奈良県北葛城郡河合町,4065 
奈良県吉野郡吉野町,46962 
奈良県吉野郡大淀町,13061 
奈良県吉野郡下市町,12035 
奈良県吉野郡黒滝村,157 
奈良県吉野郡天川村,3846 
奈良県吉野郡十津川村,525 
奈良県吉野郡川上村,15294 
奈良県吉野郡東吉野村,500 
和歌山県和歌山市,90688 
和歌山県海南市,34783 
和歌山県御坊市,37843 
和歌山県田辺市,72525 
和歌山県紀の川市,14213 
和歌山県岩出市,79525 
和歌山県西牟婁郡上富田町,90734 
和歌山県西牟婁郡すさみ町,3750 
鳥取県鳥取市,52912 
鳥取県米子市,74524 
鳥取県倉吉市,5771 
鳥取県境港市,27987 
鳥取県八頭郡若桜町,20 
鳥取県八頭郡智頭町,356 
鳥取県八頭郡八頭町,91 
鳥取県東伯郡三朝町,381 
鳥取県東伯郡湯梨浜町,21739 
鳥取県東伯郡琴浦町,4744 
鳥取県東伯郡北栄町,4685 
鳥取県西伯郡大山町,3167 
鳥取県西伯郡南部町,4836 
鳥取県西伯郡伯耆町,6320 
鳥取県日野郡江府町,2067 
島根県松江市,37261 
島根県浜田市,6046 
島根県出雲市,26761 
島根県益田市,559 
島根県大田市,1396 
島根県安来市,21368 
島根県江津市,750 
島根県仁多郡奥出雲町,758 
島根県飯石郡飯南町,59 
島根県邑智郡川本町,26087 
島根県邑智郡美郷町,909 
島根県邑智郡邑南町,207 
島根県鹿足郡吉賀町,430 
島根県隠岐郡西ノ島町,2222 
島根県隠岐郡隠岐の島町,7843 
岡山県岡山市,136326 
岡山県倉敷市,111183 
岡山県津山市,49871 
岡山県玉野市,45568 
岡山県井原市,36306 
岡山県総社市,84540 
岡山県高梁市,1564 
岡山県新見市,304 
岡山県備前市,8447 
岡山県瀬戸内市,9928 
岡山県赤磐市,36350 
岡山県真庭市,6517 
岡山県美作市,5899 
岡山県和気郡和気町,461 
岡山県都窪郡早島町,174194 
岡山県浅口郡里庄町,10826 
岡山県苫田郡鏡野町,4057 
岡山県久米郡久米南町,7568 
岡山県久米郡美咲町,1819 
広島県広島市,231256 
広島県呉市,99253 
広島県竹原市,44866 
広島県三原市,43205 
広島県尾道市,79942 
広島県福山市,92427 
広島県府中市,30542 
広島県三次市,34337 
広島県庄原市,23776 
広島県大竹市,79882 
広島県東広島市,44684 
広島県廿日市市,83744 
広島県安芸高田市,15837 
広島県江田島市,17774 
広島県安芸郡府中町,140446 
広島県安芸郡海田町,183435 
広島県安芸郡熊野町,78528 
広島県安芸郡坂町,13750 
広島県山県郡安芸太田町,1200 
広島県山県郡北広島町,6200 
広島県世羅郡世羅町,4870 
広島県神石郡神石高原町,408 
山口県下関市,91344 
山口県宇部市,51655 
山口県山口市,60752 
山口県萩市,9672 
山口県防府市,59438 
山口県下松市,20787 
山口県岩国市,34156 
山口県光市,71201 
山口県長門市,38442 
山口県柳井市,21765 
山口県美祢市,315 
山口県周南市,103876 
山口県山陽小野田市,33129 
山口県大島郡周防大島町,7188 
山口県玖珂郡和木町,37647 
山口県熊毛郡上関町,4286 
山口県熊毛郡田布施町,7112 
山口県熊毛郡平生町,10574 
山口県阿武郡阿武町,70 
徳島県徳島市,73785 
徳島県鳴門市,34317 
徳島県小松島市,79805 
徳島県阿南市,27745 
徳島県吉野川市,297 
徳島県阿波市,3731 
徳島県美馬市,1413 
徳島県三好市,810 
徳島県勝浦郡勝浦町,300 
徳島県名西郡石井町,21683 
徳島県名西郡神山町,1720 
徳島県那賀郡那賀町,302 
徳島県海部郡牟岐町,867 
徳島県海部郡美波町,6500 
徳島県海部郡海陽町,28421 
徳島県板野郡松茂町,51002 
徳島県板野郡北島町,100181 
徳島県板野郡藍住町,93423 
徳島県板野郡板野町,24572 
徳島県板野郡上板町,1522 
徳島県三好郡東みよし町,2654 
香川県高松市,94876 
香川県丸亀市,61894 
香川県坂出市,90476 
香川県観音寺市,37500 
香川県さぬき市,6665 
香川県東かがわ市,142 
香川県三豊市,526 
香川県小豆郡土庄町,37083 
香川県小豆郡小豆島町,9304 
香川県木田郡三木町,770 
香川県仲多度郡多度津町,115152 
香川県仲多度郡まんのう町,1858 
愛媛県松山市,140707 
愛媛県今治市,42212 
愛媛県宇和島市,45789 
愛媛県八幡浜市,19497 
愛媛県新居浜市,80099 
愛媛県西条市,56334 
愛媛県大洲市,3606 
愛媛県伊予市,50425 
愛媛県四国中央市,38718 
愛媛県西予市,6697 
愛媛県東温市,23460 
愛媛県上浮穴郡久万高原町,733 
愛媛県伊予郡松前町,89542 
愛媛県伊予郡砥部町,35191 
愛媛県喜多郡内子町,21102 
愛媛県西宇和郡伊方町,2982 
愛媛県北宇和郡松野町,60 
愛媛県北宇和郡鬼北町,881 
愛媛県南宇和郡愛南町,3347 
高知県高知市,68346 
高知県室戸市,355 
高知県南国市,8305 
高知県土佐市,33971 
高知県須崎市,29571 
高知県四万十市,575 
高知県香南市,1300 
高知県安芸郡東洋町,32 
高知県安芸郡奈半利町,18 
高知県安芸郡北川村,12500 
高知県長岡郡本山町,53 
高知県長岡郡大豊町,284 
高知県高岡郡佐川町,421 
高知県高岡郡日高村,8870 
高知県高岡郡津野町,782 
高知県高岡郡四万十町,249 
高知県幡多郡三原村,256 
福岡県北九州市,120711 
福岡県福岡市,252431 
福岡県大牟田市,39662 
福岡県久留米市,89376 
福岡県直方市,17060 
福岡県飯塚市,74646 
福岡県田川市,24353 
福岡県柳川市,17457 
福岡県八女市,11375 
福岡県行橋市,38519 
福岡県豊前市,46371 
福岡県中間市,47931 
福岡県小郡市,68871 
福岡県筑紫野市,68903 
福岡県春日市,186897 
福岡県大野城市,94743 
福岡県太宰府市,89589 
福岡県福津市,100246 
福岡県うきは市,14204 
福岡県宮若市,1795 
福岡県嘉麻市,2786 
福岡県朝倉市,11270 
福岡県みやま市,5128 
福岡県糸島市,56750 
福岡県筑紫郡那珂川町,101620 
福岡県粕屋郡宇美町,50229 
福岡県粕屋郡篠栗町,116303 
福岡県粕屋郡志免町,102520 
福岡県粕屋郡須恵町,88098 
福岡県粕屋郡新宮町,207143 
福岡県粕屋郡粕屋町,101102 
福岡県遠賀郡水巻町,77350 
福岡県遠賀郡岡垣町,24455 
福岡県遠賀郡遠賀町,13043 
福岡県鞍手郡鞍手町,203676 
福岡県嘉穂郡桂川町,26667 
福岡県朝倉郡筑前町,54899 
福岡県朝倉郡東峰村,82 
福岡県三井郡大刀洗町,8026 
福岡県八女郡広川町,46713 
福岡県田川郡添田町,549 
福岡県田川郡糸田町,1000 
福岡県田川郡福智町,13728 
福岡県京都郡苅田町,116379 
福岡県京都郡みやこ町,4751 
福岡県築上郡吉富町,17526 
福岡県築上郡築上町,3685 
佐賀県佐賀市,37681 
佐賀県唐津市,36636 
佐賀県鳥栖市,70540 
佐賀県多久市,10197 
佐賀県伊万里市,488 
佐賀県武雄市,1521 
佐賀県小城市,6120 
佐賀県嬉野市,822 
佐賀県神埼市,13411 
佐賀県神埼郡吉野ヶ里町,6649 
佐賀県三養基郡基山町,751 
佐賀県三養基郡上峰町,565 
佐賀県三養基郡みやき町,2794 
佐賀県東松浦郡玄海町,200 
佐賀県杵島郡大町町,25439 
佐賀県杵島郡江北町,35391 
佐賀県杵島郡白石町,685 
佐賀県藤津郡太良町,560 
長崎県長崎市,149919 
長崎県佐世保市,98810 
長崎県島原市,25864 
長崎県諫早市,49477 
長崎県大村市,52858 
長崎県松浦市,5455 
長崎県対馬市,13157 
長崎県壱岐市,5706 
長崎県五島市,590 
長崎県西海市,11111 
長崎県南島原市,519 
長崎県西彼杵郡時津町,113204 
長崎県東彼杵郡波佐見町,1136 
長崎県南松浦郡新上五島町,28571 
熊本県熊本市,121993 
熊本県八代市,18102 
熊本県人吉市,51151 
熊本県荒尾市,59215 
熊本県玉名市,635 
熊本県山鹿市,1114 
熊本県菊池市,16851 
熊本県宇土市,2598 
熊本県上天草市,10706 
熊本県宇城市,4832 
熊本県阿蘇市,1432 
熊本県天草市,23506 
熊本県合志市,23680 
熊本県玉名郡和水町,796 
熊本県菊池郡大津町,40544 
熊本県菊池郡菊陽町,744 
熊本県阿蘇郡高森町,193 
熊本県阿蘇郡西原村,1824 
熊本県阿蘇郡南阿蘇村,1040 
熊本県上益城郡御船町,654 
熊本県上益城郡嘉島町,102704 
熊本県上益城郡益城町,370 
熊本県上益城郡甲佐町,769 
熊本県上益城郡山都町,354 
熊本県八代郡氷川町,2836 
熊本県葦北郡芦北町,1111 
熊本県球磨郡錦町,405 
熊本県球磨郡あさぎり町,159 
大分県大分市,117122 
大分県別府市,118554 
大分県中津市,21312 
大分県日田市,13751 
大分県佐伯市,2231 
大分県臼杵市,151 
大分県津久見市,33333 
大分県竹田市,158 
大分県豊後高田市,1224 
大分県宇佐市,13477 
大分県豊後大野市,2553 
大分県由布市,25757 
大分県国東市,22 
大分県速見郡日出町,34025 
大分県玖珠郡九重町,235 
大分県玖珠郡玖珠町,6421 
宮崎県宮崎市,75955 
宮崎県都城市,14016 
宮崎県延岡市,38371 
宮崎県日南市,1334 
宮崎県小林市,8332 
宮崎県日向市,42939 
宮崎県串間市,559 
宮崎県西都市,5262 
宮崎県えびの市,4118 
宮崎県北諸県郡三股町,13632 
宮崎県西諸県郡高原町,372 
宮崎県東諸県郡国富町,227 
宮崎県児湯郡高鍋町,12562 
宮崎県児湯郡新富町,14492 
宮崎県児湯郡西米良村,4800 
宮崎県児湯郡木城町,450 
宮崎県児湯郡川南町,7952 
宮崎県児湯郡都農町,765 
宮崎県東臼杵郡門川町,1904 
宮崎県東臼杵郡椎葉村,940 
宮崎県東臼杵郡美郷町,441 
宮崎県西臼杵郡高千穂町,100 
鹿児島県鹿児島市,119491 
鹿児島県鹿屋市,425 
鹿児島県枕崎市,766 
鹿児島県阿久根市,19565 
鹿児島県出水市,9019 
鹿児島県指宿市,3460 
鹿児島県西之表市,230 
鹿児島県垂水市,10000 
鹿児島県薩摩川内市,15323 
鹿児島県日置市,143 
鹿児島県曽於市,584 
鹿児島県霧島市,2507 
鹿児島県いちき串木野市,4874 
鹿児島県南さつま市,202 
鹿児島県志布志市,429 
鹿児島県奄美市,122799 
鹿児島県南九州市,371 
鹿児島県伊佐市,6190 
鹿児島県姶良市,5394 
鹿児島県薩摩郡さつま町,283 
鹿児島県出水郡長島町,500 
鹿児島県姶良郡湧水町,452 
鹿児島県曽於郡大崎町,1667 
鹿児島県肝属郡東串良町,388 
鹿児島県肝属郡錦江町,8500 
鹿児島県肝属郡南大隅町,518 
鹿児島県肝属郡肝付町,303 
鹿児島県熊毛郡屋久島町,6843 
鹿児島県大島郡龍郷町,3089 
鹿児島県大島郡喜界町,250 
鹿児島県大島郡徳之島町,159 
鹿児島県大島郡天城町,300 
沖縄県那覇市,299024 
沖縄県宜野湾市,173913 
沖縄県石垣市,532 
沖縄県浦添市,237337 
沖縄県名護市,24668 
沖縄県糸満市,174121 
沖縄県沖縄市,173951 
沖縄県豊見城市,123380 
沖縄県うるま市,52554 
沖縄県宮古島市,800 
沖縄県南城市,30441 
沖縄県国頭郡国頭村,841 
沖縄県国頭郡今帰仁村,2141 
沖縄県国頭郡本部町,15399 
沖縄県国頭郡恩納村,3000 
沖縄県中頭郡読谷村,105758 
沖縄県中頭郡北谷町,409821 
沖縄県中頭郡北中城村,84653 
沖縄県中頭郡中城村,97697 
沖縄県中頭郡西原町,18367 
沖縄県島尻郡与那原町,129032 
沖縄県島尻郡久米島町,200 
沖縄県島尻郡八重瀬町,52681 
沖縄県宮古郡多良間村,370 
沖縄県八重山郡竹富町,659 
